{"loss": 11374.693359375, "_timestamp": 1704452903.0601027, "_runtime": 51.354509592056274, "_step": 30, "gradients/decoder.FC_output.bias": {"_type": "histogram", "values": [2.0, 1.0, 1.0, 1.0, 0.0, 0.0, 2.0, 1.0, 2.0, 4.0, 2.0, 3.0, 2.0, 4.0, 3.0, 7.0, 4.0, 3.0, 7.0, 14.0, 11.0, 10.0, 9.0, 16.0, 14.0, 29.0, 25.0, 24.0, 248.0, 72.0, 32.0, 33.0, 36.0, 28.0, 22.0, 12.0, 16.0, 17.0, 5.0, 7.0, 9.0, 6.0, 6.0, 2.0, 7.0, 5.0, 2.0, 1.0, 5.0, 2.0, 0.0, 3.0, 1.0, 1.0, 2.0, 0.0, 2.0, 0.0, 0.0, 0.0, 0.0, 0.0, 0.0, 1.0], "bins": [-5.476466655731201, -5.286175727844238, -5.095884799957275, -4.9055938720703125, -4.715302467346191, -4.5250115394592285, -4.334720611572266, -4.144429683685303, -3.95413875579834, -3.763847589492798, -3.573556661605835, -3.383265733718872, -3.19297456741333, -3.002683639526367, -2.8123927116394043, -2.6221015453338623, -2.4318106174468994, -2.2415196895599365, -2.0512285232543945, -1.8609375953674316, -1.6706466674804688, -1.4803556203842163, -1.2900645732879639, -1.099773645401001, -0.9094825983047485, -0.7191916108131409, -0.5289006233215332, -0.33860957622528076, -0.1483185887336731, 0.041972413659095764, 0.23226341605186462, 0.4225544333457947, 0.6128454208374023, 0.80313640832901, 0.9934273958206177, 1.1837184429168701, 1.374009370803833, 1.5643004179000854, 1.754591464996338, 1.9448823928833008, 2.1351733207702637, 2.3254644870758057, 2.5157554149627686, 2.7060463428497314, 2.8963375091552734, 3.0866284370422363, 3.276919364929199, 3.467210531234741, 3.657501459121704, 3.847792387008667, 4.038083553314209, 4.228374481201172, 4.418665409088135, 4.608956336975098, 4.7992472648620605, 4.989538669586182, 5.1798295974731445, 5.370120525360107, 5.56041145324707, 5.750702381134033, 5.940993309020996, 6.131284713745117, 6.32157564163208, 6.511866569519043, 6.702157497406006]}, "gradients/decoder.FC_output.weight": {"_type": "histogram", "values": [1.0, 0.0, 1.0, 4.0, 3.0, 4.0, 8.0, 16.0, 13.0, 38.0, 44.0, 64.0, 93.0, 127.0, 185.0, 268.0, 355.0, 450.0, 616.0, 884.0, 1149.0, 1565.0, 2026.0, 2598.0, 3480.0, 4420.0, 5704.0, 7252.0, 9017.0, 11743.0, 15279.0, 125327.0, 45487.0, 19337.0, 13231.0, 10051.0, 7652.0, 5837.0, 4569.0, 3527.0, 2760.0, 1995.0, 1630.0, 1278.0, 909.0, 725.0, 516.0, 388.0, 288.0, 196.0, 160.0, 97.0, 77.0, 48.0, 38.0, 24.0, 19.0, 6.0, 5.0, 5.0, 5.0, 2.0, 3.0, 1.0], "bins": [-10.246054649353027, -9.92477798461914, -9.603500366210938, -9.28222370147705, -8.960947036743164, -8.639669418334961, -8.318392753601074, -7.997115612030029, -7.675838470458984, -7.354561805725098, -7.033284664154053, -6.712007522583008, -6.390730857849121, -6.069453716278076, -5.748176574707031, -5.4268999099731445, -5.1056227684021, -4.784345626831055, -4.463068962097168, -4.141791820526123, -3.820514678955078, -3.4992377758026123, -3.1779608726501465, -2.8566837310791016, -2.5354068279266357, -2.21412992477417, -1.892852783203125, -1.5715758800506592, -1.2502988576889038, -0.9290218353271484, -0.6077448725700378, -0.28646788001060486, 0.034809112548828125, 0.3560861051082611, 0.6773630976676941, 0.9986400604248047, 1.31991708278656, 1.6411941051483154, 1.9624710083007812, 2.283748149871826, 2.605025053024292, 2.926301956176758, 3.2475790977478027, 3.5688560009002686, 3.8901329040527344, 4.211410045623779, 4.532687187194824, 4.853963851928711, 5.175240993499756, 5.496518135070801, 5.8177947998046875, 6.139071941375732, 6.460349082946777, 6.781625747680664, 7.102902889251709, 7.424180030822754, 7.745456695556641, 8.066734313964844, 8.38801097869873, 8.709287643432617, 9.03056526184082, 9.351841926574707, 9.673118591308594, 9.994396209716797, 10.315672874450684]}, "gradients/decoder.FC_hidden.bias": {"_type": "histogram", "values": [1.0, 0.0, 2.0, 0.0, 0.0, 1.0, 2.0, 0.0, 5.0, 1.0, 3.0, 2.0, 1.0, 2.0, 1.0, 2.0, 2.0, 2.0, 4.0, 5.0, 3.0, 8.0, 7.0, 12.0, 11.0, 12.0, 11.0, 18.0, 18.0, 7.0, 9.0, 12.0, 16.0, 16.0, 7.0, 17.0, 17.0, 11.0, 17.0, 14.0, 9.0, 12.0, 10.0, 8.0, 8.0, 8.0, 9.0, 11.0, 4.0, 5.0, 6.0, 7.0, 3.0, 7.0, 1.0, 5.0, 1.0, 3.0, 1.0, 2.0, 0.0, 0.0, 0.0, 1.0], "bins": [-15.027782440185547, -14.620630264282227, -14.213479042053223, -13.806326866149902, -13.399175643920898, -12.992023468017578, -12.584872245788574, -12.177720069885254, -11.77056884765625, -11.36341667175293, -10.956265449523926, -10.549113273620605, -10.141962051391602, -9.734809875488281, -9.327658653259277, -8.920506477355957, -8.513355255126953, -8.106203079223633, -7.699051380157471, -7.291899681091309, -6.8847479820251465, -6.477596282958984, -6.070444583892822, -5.66329288482666, -5.25614070892334, -4.848989009857178, -4.441837310791016, -4.0346856117248535, -3.6275339126586914, -3.2203822135925293, -2.813230514526367, -2.406078815460205, -1.998927116394043, -1.5917754173278809, -1.1846237182617188, -0.7774718999862671, -0.370320200920105, 0.03683152794837952, 0.443983256816864, 0.8511350154876709, 1.258286714553833, 1.6654384136199951, 2.0725901126861572, 2.4797418117523193, 2.8868937492370605, 3.2940454483032227, 3.7011971473693848, 4.108348846435547, 4.515500545501709, 4.922652244567871, 5.329803943634033, 5.736955642700195, 6.144107341766357, 6.5512590408325195, 6.958410739898682, 7.365562438964844, 7.772714614868164, 8.179865837097168, 8.587018013000488, 8.994169235229492, 9.401321411132812, 9.808472633361816, 10.215624809265137, 10.62277603149414, 11.029928207397461]}, "gradients/decoder.FC_hidden.weight": {"_type": "histogram", "values": [1.0, 0.0, 0.0, 0.0, 0.0, 1.0, 2.0, 1.0, 6.0, 8.0, 6.0, 13.0, 12.0, 24.0, 36.0, 37.0, 44.0, 78.0, 94.0, 100.0, 119.0, 164.0, 176.0, 241.0, 283.0, 283.0, 333.0, 395.0, 403.0, 459.0, 467.0, 463.0, 469.0, 442.0, 384.0, 386.0, 381.0, 315.0, 267.0, 231.0, 175.0, 138.0, 134.0, 98.0, 76.0, 53.0, 42.0, 42.0, 31.0, 24.0, 9.0, 12.0, 11.0, 7.0, 2.0, 4.0, 5.0, 2.0, 5.0, 2.0, 0.0, 2.0, 0.0, 2.0], "bins": [-18.575275421142578, -17.982568740844727, -17.389862060546875, -16.797155380249023, -16.204448699951172, -15.611741065979004, -15.019033432006836, -14.426326751708984, -13.833620071411133, -13.240913391113281, -12.64820671081543, -12.055499076843262, -11.46279239654541, -10.870085716247559, -10.27737808227539, -9.684671401977539, -9.091964721679688, -8.499258041381836, -7.906550884246826, -7.313843727111816, -6.721137046813965, -6.128430366516113, -5.5357232093811035, -4.943016052246094, -4.350309371948242, -3.7576024532318115, -3.164895534515381, -2.57218861579895, -1.9794816970825195, -1.3867747783660889, -0.7940678596496582, -0.20136094093322754, 0.3913440704345703, 0.984050989151001, 1.5767579078674316, 2.1694648265838623, 2.762171745300293, 3.3548786640167236, 3.9475855827331543, 4.540292739868164, 5.132999420166016, 5.725706100463867, 6.318413257598877, 6.911120414733887, 7.503827095031738, 8.09653377532959, 8.689241409301758, 9.28194808959961, 9.874654769897461, 10.467361450195312, 11.060068130493164, 11.652775764465332, 12.245482444763184, 12.838189125061035, 13.430896759033203, 14.023603439331055, 14.616310119628906, 15.209016799926758, 15.80172348022461, 16.39443016052246, 16.987136840820312, 17.579845428466797, 18.17255210876465, 18.7652587890625, 19.35796546936035]}, "gradients/encoder.FC_var.bias": {"_type": "histogram", "values": [1.0, 0.0, 0.0, 1.0, 0.0, 0.0, 0.0, 0.0, 1.0, 0.0, 0.0, 0.0, 1.0, 0.0, 0.0, 0.0, 0.0, 1.0, 0.0, 2.0, 0.0, 1.0, 1.0, 0.0, 0.0, 0.0, 1.0, 0.0, 0.0, 0.0, 2.0, 0.0, 1.0, 1.0, 1.0, 0.0, 0.0, 0.0, 0.0, 1.0, 0.0, 0.0, 0.0, 1.0, 0.0, 0.0, 0.0, 0.0, 0.0, 0.0, 0.0, 1.0, 1.0, 0.0, 0.0, 0.0, 0.0, 0.0, 0.0, 0.0, 0.0, 0.0, 0.0, 1.0],