{"loss": 10551.732421875, "_timestamp": 1704457124.7729583, "_runtime": 48.29257321357727, "_step": 34, "gradients/decoder.FC_output.bias": {"_type": "histogram", "values": [1.0, 0.0, 0.0, 1.0, 0.0, 0.0, 0.0, 2.0, 3.0, 2.0, 4.0, 6.0, 3.0, 7.0, 8.0, 4.0, 12.0, 17.0, 15.0, 16.0, 21.0, 30.0, 22.0, 31.0, 40.0, 316.0, 35.0, 34.0, 21.0, 16.0, 11.0, 10.0, 15.0, 5.0, 10.0, 12.0, 5.0, 4.0, 8.0, 1.0, 4.0, 2.0, 4.0, 3.0, 5.0, 2.0, 1.0, 3.0, 1.0, 2.0, 1.0, 2.0, 1.0, 0.0, 0.0, 0.0, 1.0, 0.0, 0.0, 1.0, 1.0, 0.0, 1.0, 1.0], "bins": [-5.419716835021973, -5.20475959777832, -4.98980188369751, -4.774844646453857, -4.559886932373047, -4.3449296951293945, -4.129972457885742, -3.9150147438049316, -3.7000575065612793, -3.485100030899048, -3.2701425552368164, -3.055185079574585, -2.8402276039123535, -2.625270128250122, -2.4103128910064697, -2.1953554153442383, -1.9803979396820068, -1.7654404640197754, -1.5504831075668335, -1.335525631904602, -1.1205682754516602, -0.9056107997894287, -0.6906533241271973, -0.4756959080696106, -0.2607384920120239, -0.04578106105327606, 0.1691763699054718, 0.38413381576538086, 0.5990912318229675, 0.8140486478805542, 1.0290061235427856, 1.2439634799957275, 1.458920955657959, 1.6738784313201904, 1.8888357877731323, 2.103793144226074, 2.3187506198883057, 2.533708095550537, 2.7486655712127686, 2.963623046875, 3.1785802841186523, 3.393537759780884, 3.6084952354431152, 3.8234527111053467, 4.038410186767578, 4.2533674240112305, 4.468325138092041, 4.683282375335693, 4.898240089416504, 5.113197326660156, 5.328154563903809, 5.543112277984619, 5.7580695152282715, 5.973027229309082, 6.187984466552734, 6.402941703796387, 6.617899417877197, 6.83285665512085, 7.04781436920166, 7.2627716064453125, 7.477728843688965, 7.692686557769775, 7.907643795013428, 8.122601509094238, 8.33755874633789]}, "gradients/decoder.FC_output.weight": {"_type": "histogram", "values": [1.0, 0.0, 0.0, 0.0, 1.0, 0.0, 1.0, 3.0, 5.0, 3.0, 13.0, 17.0, 29.0, 52.0, 79.0, 135.0, 193.0, 330.0, 518.0, 817.0, 1278.0, 1977.0, 2797.0, 3870.0, 5556.0, 7670.0, 10290.0, 13573.0, 18017.0, 139811.0, 42378.0, 16003.0, 11343.0, 8468.0, 6284.0, 5055.0, 3955.0, 3192.0, 2475.0, 1853.0, 1483.0, 1134.0, 767.0, 597.0, 430.0, 306.0, 247.0, 169.0, 110.0, 84.0, 76.0, 45.0, 34.0, 30.0, 15.0, 11.0, 5.0, 8.0, 2.0, 2.0, 1.0, 1.0, 0.0, 1.0], "bins": [-11.610739707946777, -11.222331047058105, -10.833922386169434, -10.445513725280762, -10.057104110717773, -9.668695449829102, -9.28028678894043, -8.891878128051758, -8.503469467163086, -8.115060806274414, -7.726652145385742, -7.338243007659912, -6.94983434677124, -6.561425685882568, -6.173016548156738, -5.784607887268066, -5.3961992263793945, -5.007790565490723, -4.619381904602051, -4.230972766876221, -3.842564105987549, -3.454155445098877, -3.065746545791626, -2.677337646484375, -2.288928985595703, -1.9005202054977417, -1.5121114253997803, -1.1237026453018188, -0.7352938652038574, -0.346885085105896, 0.04152369499206543, 0.42993247509002686, 0.8183412551879883, 1.2067500352859497, 1.5951588153839111, 1.9835675954818726, 2.371976375579834, 2.760385036468506, 3.148793935775757, 3.537202835083008, 3.9256114959716797, 4.314020156860352, 4.702428817749023, 5.0908379554748535, 5.479246616363525, 5.867655277252197, 6.256064414978027, 6.644473075866699, 7.032881736755371, 7.421290397644043, 7.809699058532715, 8.198107719421387, 8.586517333984375, 8.974925994873047, 9.363334655761719, 9.75174331665039, 10.140151977539062, 10.528560638427734, 10.916969299316406, 11.305377960205078, 11.69378662109375, 12.082196235656738, 12.47060489654541, 12.859013557434082, 13.247422218322754]}, "gradients/decoder.FC_hidden.bias": {"_type": "histogram", "values": [2.0, 1.0, 1.0, 0.0, 2.0, 1.0, 2.0, 4.0, 2.0, 2.0, 2.0, 2.0, 1.0, 1.0, 2.0, 4.0, 2.0, 4.0, 3.0, 5.0, 6.0, 3.0, 5.0, 8.0, 13.0, 10.0, 13.0, 16.0, 16.0, 11.0, 15.0, 14.0, 14.0, 14.0, 11.0, 15.0, 19.0, 17.0, 10.0, 12.0, 8.0, 8.0, 14.0, 12.0, 15.0, 12.0, 8.0, 5.0, 5.0, 3.0, 7.0, 2.0, 1.0, 1.0, 3.0, 2.0, 2.0, 2.0, 1.0, 1.0, 0.0, 0.0, 0.0, 3.0], "bins": [-14.531042098999023, -14.076990127563477, -13.62293815612793, -13.168885231018066, -12.71483325958252, -12.260781288146973, -11.806729316711426, -11.352677345275879, -10.898624420166016, -10.444572448730469, -9.990520477294922, -9.536468505859375, -9.082416534423828, -8.628364562988281, -8.174311637878418, -7.720259666442871, -7.266207695007324, -6.812155723571777, -6.358103275299072, -5.904051303863525, -5.44999885559082, -4.995946884155273, -4.541894912719727, -4.0878424644470215, -3.6337904930114746, -3.1797382831573486, -2.7256860733032227, -2.271634101867676, -1.8175818920135498, -1.3635296821594238, -0.9094775915145874, -0.4554254412651062, -0.0013742446899414062, 0.4526779055595398, 0.906730055809021, 1.3607821464538574, 1.8148343563079834, 2.2688865661621094, 2.7229385375976562, 3.1769907474517822, 3.631042957305908, 4.085094928741455, 4.53914737701416, 4.993199348449707, 5.447251319885254, 5.901303768157959, 6.355355739593506, 6.809408187866211, 7.263460159301758, 7.717512130737305, 8.171564102172852, 8.625617027282715, 9.079668998718262, 9.533720970153809, 9.987772941589355, 10.441824913024902, 10.895877838134766, 11.349929809570312, 11.80398178100586, 12.258033752441406, 12.712085723876953, 13.1661376953125, 13.620190620422363, 14.07424259185791, 14.528294563293457]}, "gradients/decoder.FC_hidden.weight": {"_type": "histogram", "values": [2.0, 1.0, 0.0, 1.0, 0.0, 3.0, 3.0, 3.0, 5.0, 6.0, 11.0, 22.0, 18.0, 22.0, 32.0, 39.0, 47.0, 67.0, 103.0, 112.0, 136.0, 182.0, 204.0, 257.0, 324.0, 384.0, 394.0, 486.0, 467.0, 555.0, 517.0, 500.0, 491.0, 439.0, 367.0, 341.0, 306.0, 220.0, 187.0, 169.0, 109.0, 115.0, 72.0, 63.0, 52.0, 42.0, 30.0, 21.0, 17.0, 14.0, 6.0, 9.0, 9.0, 4.0, 4.0, 2.0, 4.0, 2.0, 0.0, 0.0, 0.0, 0.0, 0.0, 2.0], "bins": [-19.42690086364746, -18.778886795043945, -18.13087272644043, -17.482858657836914, -16.8348445892334, -16.186830520629883, -15.538817405700684, -14.890803337097168, -14.242790222167969, -13.594776153564453, -12.946762084960938, -12.298748016357422, -11.650733947753906, -11.00271987915039, -10.354706764221191, -9.706692695617676, -9.05867862701416, -8.410664558410645, -7.762650966644287, -7.1146368980407715, -6.466623306274414, -5.818609237670898, -5.170595169067383, -4.522581577301025, -3.8745675086975098, -3.2265536785125732, -2.5785398483276367, -1.930525779724121, -1.2825119495391846, -0.6344980597496033, 0.013515830039978027, 0.6615297198295593, 1.3095436096191406, 1.9575574398040771, 2.6055712699890137, 3.2535853385925293, 3.901599168777466, 4.549612998962402, 5.197627067565918, 5.845640659332275, 6.493654727935791, 7.141668796539307, 7.789682388305664, 8.43769645690918, 9.085710525512695, 9.733724594116211, 10.38173770904541, 11.029751777648926, 11.677765846252441, 12.325779914855957, 12.973793983459473, 13.621807098388672, 14.269821166992188, 14.917835235595703, 15.565849304199219, 16.213863372802734, 16.86187744140625, 17.509891510009766, 18.15790557861328, 18.805917739868164, 19.45393180847168, 20.101945877075195, 20.74995994567871, 21.397974014282227, 22.045988082885742]}, "gradients/encoder.FC_var.bias": {"_type": "histogram", "values": [1.0, 0.0, 0.0, 1.0, 0.0, 0.0, 0.0, 1.0, 0.0, 1.0, 1.0, 1.0, 0.0, 1.0, 1.0, 0.0, 0.0, 0.0, 1.0, 0.0, 0.0, 0.0, 0.0, 1.0, 0.0, 0.0, 2.0, 0.0, 1.0, 1.0, 0.0, 0.0, 1.0, 0.0, 0.0, 0.0, 0.0, 0.0, 0.0, 0.0, 1.0, 0.0, 0.0, 0.0, 2.0, 0.0, 0.0, 0.0, 0.0, 0.0, 1.0, 0.0, 0.0, 0.0, 0.0, 0.0, 0.0, 0.0, 0.0, 0.0, 0.0, 0.0, 0.0, 1.0],